date,gold,usd_index,crude_oil,sp500,bitcoin
,GC=F,DX-Y.NYB,CL=F,^GSPC,BTC-USD
2024-08-27,2516.0,100.55000305175781,75.52999877929688,5625.7998046875,59504.1328125
2024-08-28,2501.0,101.08999633789062,74.5199966430664,5592.18017578125,59027.625
2024-08-29,2525.699951171875,101.33999633789062,75.91000366210938,5591.9599609375,59388.1796875
2024-08-30,2493.800048828125,101.69999694824219,73.55000305175781,5648.39990234375,59119.4765625
2024-08-31,2493.800048828125,101.69999694824219,73.55000305175781,5648.39990234375,58969.8984375
2024-09-01,2493.800048828125,101.69999694824219,73.55000305175781,5648.39990234375,57325.48828125
2024-09-02,2493.800048828125,101.69999694824219,73.55000305175781,5648.39990234375,59112.48046875
2024-09-03,2489.89990234375,101.83000183105469,70.33999633789062,5528.93017578125,57431.0234375
2024-09-04,2493.39990234375,101.36000061035156,69.19999694824219,5520.06982421875,57971.5390625
2024-09-05,2511.39990234375,101.11000061035156,69.1500015258789,5503.41015625,56160.48828125
2024-09-06,2493.5,101.18000030517578,67.66999816894531,5408.419921875,53948.75390625
2024-09-07,2493.5,101.18000030517578,67.66999816894531,5408.419921875,54139.6875
2024-09-08,2493.5,101.18000030517578,67.66999816894531,5408.419921875,54841.56640625
2024-09-09,2501.800048828125,101.55000305175781,68.70999908447266,5471.0498046875,57019.53515625
2024-09-10,2512.300048828125,101.62999725341797,65.75,5495.52001953125,57648.7109375
2024-09-11,2512.10009765625,101.68000030517578,67.30999755859375,5554.1298828125,57343.171875
2024-09-12,2551.199951171875,101.37000274658203,68.97000122070312,5595.759765625,58127.01171875
2024-09-13,2581.300048828125,101.11000061035156,68.6500015258789,5626.02001953125,60571.30078125
2024-09-14,2581.300048828125,101.11000061035156,68.6500015258789,5626.02001953125,60005.12109375
2024-09-15,2581.300048828125,101.11000061035156,68.6500015258789,5626.02001953125,59182.8359375
2024-09-16,2580.39990234375,100.76000213623047,70.08999633789062,5633.08984375,58192.5078125
2024-09-17,2564.300048828125,100.88999938964844,71.19000244140625,5634.580078125,60308.5390625
2024-09-18,2570.699951171875,100.5999984741211,70.91000366210938,5618.259765625,61649.6796875
2024-09-19,2588.0,100.61000061035156,71.94999694824219,5713.64013671875,62940.45703125
2024-09-20,2619.89990234375,100.72000122070312,71.91999816894531,5702.5498046875,63192.9765625
2024-09-21,2619.89990234375,100.72000122070312,71.91999816894531,5702.5498046875,63394.83984375
2024-09-22,2619.89990234375,100.72000122070312,71.91999816894531,5702.5498046875,63648.7109375
2024-09-23,2626.5,100.91999816894531,70.37000274658203,5718.56982421875,63329.80078125
2024-09-24,2651.199951171875,100.37000274658203,71.55999755859375,5732.93017578125,64301.96875
2024-09-25,2659.199951171875,100.91999816894531,69.69000244140625,5722.259765625,63143.14453125
2024-09-26,2669.89990234375,100.55999755859375,67.66999816894531,5745.3701171875,65181.01953125
2024-09-27,2644.300048828125,100.41999816894531,68.18000030517578,5738.169921875,65790.6640625
2024-09-28,2644.300048828125,100.41999816894531,68.18000030517578,5738.169921875,65887.6484375
2024-09-29,2644.300048828125,100.41999816894531,68.18000030517578,5738.169921875,65635.3046875
2024-09-30,2636.10009765625,100.77999877929688,68.16999816894531,5762.47998046875,63329.5
2024-10-01,2667.300048828125,101.19000244140625,69.83000183105469,5708.75,60837.0078125
2024-10-02,2647.10009765625,101.68000030517578,70.0999984741211,5709.5400390625,60632.78515625
2024-10-03,2657.10009765625,101.98999786376953,73.70999908447266,5699.93994140625,60759.40234375
2024-10-04,2645.800048828125,102.5199966430664,74.37999725341797,5751.06982421875,62067.4765625
2024-10-05,2645.800048828125,102.5199966430664,74.37999725341797,5751.06982421875,62089.94921875
2024-10-06,2645.800048828125,102.5199966430664,74.37999725341797,5751.06982421875,62818.953125
2024-10-07,2644.800048828125,102.54000091552734,77.13999938964844,5695.93994140625,62236.66015625
2024-10-08,2615.0,102.55000305175781,73.56999969482422,5751.1298828125,62131.96875
2024-10-09,2606.0,102.93000030517578,73.23999786376953,5792.0400390625,60582.1015625
2024-10-10,2620.60009765625,102.98999786376953,75.8499984741211,5780.0498046875,60274.5
2024-10-11,2657.60009765625,102.88999938964844,75.55999755859375,5815.02978515625,62445.08984375
2024-10-12,2657.60009765625,102.88999938964844,75.55999755859375,5815.02978515625,63193.0234375
2024-10-13,2657.60009765625,102.88999938964844,75.55999755859375,5815.02978515625,62851.375
2024-10-14,2647.800048828125,103.30000305175781,73.83000183105469,5859.85009765625,66046.125
2024-10-15,2661.39990234375,103.26000213623047,70.58000183105469,5815.259765625,67041.109375
2024-10-16,2674.0,103.58999633789062,70.38999938964844,5842.47021484375,67612.71875
2024-10-17,2691.0,103.83000183105469,70.66999816894531,5841.47021484375,67399.8359375
2024-10-18,2713.699951171875,103.48999786376953,69.22000122070312,5864.669921875,68418.7890625
2024-10-19,2713.699951171875,103.48999786376953,69.22000122070312,5864.669921875,68362.734375
2024-10-20,2713.699951171875,103.48999786376953,69.22000122070312,5864.669921875,69001.703125
2024-10-21,2723.10009765625,104.01000213623047,70.55999755859375,5853.97998046875,67367.8515625
2024-10-22,2744.199951171875,104.08000183105469,72.08999633789062,5851.2001953125,67361.40625
2024-10-23,2714.39990234375,104.43000030517578,70.7699966430664,5797.419921875,66432.1953125
2024-10-24,2734.89990234375,104.05999755859375,70.19000244140625,5809.85986328125,68161.0546875
2024-10-25,2740.89990234375,104.26000213623047,71.77999877929688,5808.1201171875,66642.4140625
2024-10-26,2740.89990234375,104.26000213623047,71.77999877929688,5808.1201171875,67014.6953125
2024-10-27,2740.89990234375,104.26000213623047,71.77999877929688,5808.1201171875,67929.296875
2024-10-28,2742.89990234375,104.31999969482422,67.37999725341797,5823.52001953125,69907.7578125
2024-10-29,2768.39990234375,104.27999877929688,67.20999908447266,5832.919921875,72720.4921875
2024-10-30,2788.5,103.98999786376953,68.61000061035156,5813.669921875,72339.5390625
2024-10-31,2738.300048828125,103.9800033569336,69.26000213623047,5705.4501953125,70215.1875
2024-11-01,2738.60009765625,104.27999877929688,69.48999786376953,5728.7998046875,69482.46875
2024-11-02,2738.60009765625,104.27999877929688,69.48999786376953,5728.7998046875,69289.2734375
2024-11-03,2738.60009765625,104.27999877929688,69.48999786376953,5728.7998046875,68741.1171875
2024-11-04,2736.10009765625,103.88999938964844,71.47000122070312,5712.68994140625,67811.5078125
2024-11-05,2740.300048828125,103.41999816894531,71.98999786376953,5782.759765625,69359.5625
2024-11-06,2667.60009765625,105.08999633789062,71.69000244140625,5929.0400390625,75639.078125
2024-11-07,2698.39990234375,104.51000213623047,72.36000061035156,5973.10009765625,75904.859375
2024-11-08,2687.5,105.0,70.37999725341797,5995.5400390625,76545.4765625
2024-11-09,2687.5,105.0,70.37999725341797,5995.5400390625,76778.8671875
2024-11-10,2687.5,105.0,70.37999725341797,5995.5400390625,80474.1875
2024-11-11,2611.199951171875,105.54000091552734,68.04000091552734,6001.35009765625,88701.484375
2024-11-12,2600.0,106.0199966430664,68.12000274658203,5983.990234375,87955.8125
2024-11-13,2580.800048828125,106.4800033569336,68.43000030517578,5985.3798828125,90584.1640625
2024-11-14,2568.199951171875,106.66999816894531,68.69999694824219,5949.169921875,87250.4296875
2024-11-15,2565.699951171875,106.69000244140625,67.0199966430664,5870.6201171875,91066.0078125
2024-11-16,2565.699951171875,106.69000244140625,67.0199966430664,5870.6201171875,90558.4765625
2024-11-17,2565.699951171875,106.69000244140625,67.0199966430664,5870.6201171875,89845.8515625
2024-11-18,2610.60009765625,106.27999877929688,69.16000366210938,5893.6201171875,90542.640625
2024-11-19,2627.10009765625,106.20999908447266,69.38999938964844,5916.97998046875,92343.7890625
2024-11-20,2648.199951171875,106.68000030517578,68.87000274658203,5917.10986328125,94339.4921875
2024-11-21,2672.10009765625,106.97000122070312,70.0999984741211,5948.7099609375,98504.7265625
2024-11-22,2709.89990234375,107.48999786376953,71.23999786376953,5969.33984375,98997.6640625
2024-11-23,2709.89990234375,107.48999786376953,71.23999786376953,5969.33984375,97777.28125
2024-11-24,2709.89990234375,107.48999786376953,71.23999786376953,5969.33984375,98013.8203125
2024-11-25,2616.800048828125,106.81999969482422,68.94000244140625,5987.3701171875,93102.296875
2024-11-26,2620.300048828125,107.01000213623047,68.7699966430664,6021.6298828125,91985.3203125
2024-11-27,2639.89990234375,106.08000183105469,68.72000122070312,5998.740234375,95962.53125
2024-11-28,2639.89990234375,106.08000183105469,68.72000122070312,5998.740234375,95652.46875
2024-11-29,2657.0,105.73999786376953,68.0,6032.3798828125,97461.5234375
2024-11-30,2657.0,105.73999786376953,68.0,6032.3798828125,96449.0546875
2024-12-01,2657.0,105.73999786376953,68.0,6032.3798828125,97279.7890625
2024-12-02,2634.89990234375,106.44999694824219,68.0999984741211,6047.14990234375,95865.3046875
2024-12-03,2644.699951171875,106.37000274658203,69.94000244140625,6049.8798828125,96002.1640625
2024-12-04,2653.800048828125,106.33999633789062,68.54000091552734,6086.490234375,98768.53125
2024-12-05,2626.60009765625,105.70999908447266,68.30000305175781,6075.10986328125,96593.5703125
2024-12-06,2638.60009765625,105.97000122070312,67.19999694824219,6090.27001953125,99920.7109375
2024-12-07,2638.60009765625,105.97000122070312,67.19999694824219,6090.27001953125,99923.3359375
2024-12-08,2638.60009765625,105.97000122070312,67.19999694824219,6090.27001953125,101236.015625
2024-12-09,2664.89990234375,106.1500015258789,68.37000274658203,6052.85009765625,97432.71875
2024-12-10,2697.60009765625,106.4000015258789,68.58999633789062,6034.91015625,96675.4296875
2024-12-11,2733.800048828125,106.70999908447266,70.29000091552734,6084.18994140625,101173.03125
2024-12-12,2687.5,106.95999908447266,70.0199966430664,6051.25,100043.0
2024-12-13,2656.0,107.0,71.29000091552734,6051.08984375,101459.2578125
2024-12-14,2656.0,107.0,71.29000091552734,6051.08984375,101372.96875
2024-12-15,2656.0,107.0,71.29000091552734,6051.08984375,104298.6953125
2024-12-16,2651.39990234375,106.86000061035156,70.70999908447266,6074.080078125,106029.71875
2024-12-17,2644.39990234375,106.95999908447266,70.08000183105469,6050.60986328125,106140.6015625
2024-12-18,2636.5,108.02999877929688,70.58000183105469,5872.16015625,100041.5390625
2024-12-19,2592.199951171875,108.41000366210938,69.91000366210938,5867.080078125,97490.953125
2024-12-20,2628.699951171875,107.62000274658203,69.45999908447266,5930.85009765625,97755.9296875
2024-12-21,2628.699951171875,107.62000274658203,69.45999908447266,5930.85009765625,97224.7265625
2024-12-22,2628.699951171875,107.62000274658203,69.45999908447266,5930.85009765625,95104.9375
2024-12-23,2612.300048828125,108.04000091552734,69.23999786376953,5974.06982421875,94686.2421875
2024-12-24,2620.0,108.26000213623047,70.0999984741211,6040.0400390625,98676.09375
2024-12-25,2620.0,108.26000213623047,70.0999984741211,6040.0400390625,99299.1953125
2024-12-26,2638.800048828125,108.12999725341797,69.62000274658203,6037.58984375,95795.515625
2024-12-27,2617.199951171875,108.0,70.5999984741211,5970.83984375,94164.859375
2024-12-28,2617.199951171875,108.0,70.5999984741211,5970.83984375,95163.9296875
2024-12-29,2617.199951171875,108.0,70.5999984741211,5970.83984375,93530.2265625
2024-12-30,2606.10009765625,108.12999725341797,70.98999786376953,5906.93994140625,92643.2109375
2024-12-31,2629.199951171875,108.48999786376953,71.72000122070312,5881.6298828125,93429.203125
2025-01-01,2629.199951171875,108.48999786376953,71.72000122070312,5881.6298828125,94419.7578125
2025-01-02,2658.89990234375,109.38999938964844,73.12999725341797,5868.5498046875,96886.875
2025-01-03,2645.0,108.94999694824219,73.95999908447266,5942.47021484375,98107.4296875
2025-01-04,2645.0,108.94999694824219,73.95999908447266,5942.47021484375,98236.2265625
2025-01-05,2645.0,108.94999694824219,73.95999908447266,5942.47021484375,98314.9609375
2025-01-06,2638.39990234375,108.26000213623047,73.55999755859375,5975.3798828125,102078.0859375
2025-01-07,2656.699951171875,108.54000091552734,74.25,5909.02978515625,96922.703125
2025-01-08,2664.5,109.08999633789062,73.31999969482422,5918.25,95043.5234375
2025-01-09,2683.800048828125,109.18000030517578,73.91999816894531,5918.25,92484.0390625
2025-01-10,2708.5,109.6500015258789,76.56999969482422,5827.0400390625,94701.453125
2025-01-11,2708.5,109.6500015258789,76.56999969482422,5827.0400390625,94566.59375
2025-01-12,2708.5,109.6500015258789,76.56999969482422,5827.0400390625,94488.4375
2025-01-13,2673.5,109.95999908447266,78.81999969482422,5836.22021484375,94516.5234375
2025-01-14,2677.5,109.2699966430664,77.5,5842.91015625,96534.046875
2025-01-15,2712.5,109.08999633789062,80.04000091552734,5949.91015625,100504.4921875
2025-01-16,2746.39990234375,108.95999908447266,78.68000030517578,5937.33984375,99756.90625
2025-01-17,2744.300048828125,109.3499984741211,77.87999725341797,5996.66015625,104462.0390625
2025-01-18,2744.300048828125,109.3499984741211,77.87999725341797,5996.66015625,104408.0703125
2025-01-19,2744.300048828125,109.3499984741211,77.87999725341797,5996.66015625,101089.609375
2025-01-20,2744.300048828125,109.3499984741211,77.87999725341797,5996.66015625,102016.6640625
2025-01-21,2755.0,108.05999755859375,75.88999938964844,6049.240234375,106146.265625
2025-01-22,2767.60009765625,108.16999816894531,75.44000244140625,6086.3701171875,103653.0703125
2025-01-23,2763.10009765625,108.05000305175781,74.62000274658203,6118.7099609375,103960.171875
2025-01-24,2777.300048828125,107.44000244140625,74.66000366210938,6101.240234375,104819.484375
2025-01-25,2777.300048828125,107.44000244140625,74.66000366210938,6101.240234375,104714.6484375
2025-01-26,2777.300048828125,107.44000244140625,74.66000366210938,6101.240234375,102682.5
2025-01-27,2737.5,107.33999633789062,73.16999816894531,6012.27978515625,102087.6875
2025-01-28,2766.800048828125,107.87000274658203,73.7699966430664,6067.7001953125,101332.4765625
2025-01-29,2769.10009765625,108.0,72.62000274658203,6039.31005859375,103703.2109375
2025-01-30,2823.0,107.80000305175781,72.7300033569336,6071.169921875,104735.3046875
2025-01-31,2812.5,108.37000274658203,72.52999877929688,6040.52978515625,102405.0234375
2025-02-01,2812.5,108.37000274658203,72.52999877929688,6040.52978515625,100655.90625
2025-02-02,2812.5,108.37000274658203,72.52999877929688,6040.52978515625,97688.9765625
2025-02-03,2833.89990234375,108.98999786376953,73.16000366210938,5994.56982421875,101405.421875
2025-02-04,2853.300048828125,107.95999908447266,72.69999694824219,6037.8798828125,97871.8203125
2025-02-05,2871.60009765625,107.58000183105469,71.02999877929688,6061.47998046875,96615.4453125
2025-02-06,2856.0,107.69000244140625,70.61000061035156,6083.56982421875,96593.296875
2025-02-07,2867.300048828125,108.04000091552734,71.0,6025.990234375,96529.0859375
2025-02-08,2867.300048828125,108.04000091552734,71.0,6025.990234375,96482.453125
2025-02-09,2867.300048828125,108.04000091552734,71.0,6025.990234375,96500.09375
2025-02-10,2914.300048828125,108.31999969482422,72.31999969482422,6066.43994140625,97437.5546875
2025-02-11,2912.5,107.95999908447266,73.31999969482422,6068.5,95747.4296875
2025-02-12,2909.0,107.94000244140625,71.37000274658203,6051.97021484375,97885.859375
2025-02-13,2925.89990234375,107.30999755859375,71.29000091552734,6115.06982421875,96623.8671875
2025-02-14,2883.60009765625,106.56999969482422,70.73999786376953,6114.6298828125,97508.96875
2025-02-15,2883.60009765625,106.56999969482422,70.73999786376953,6114.6298828125,97580.3515625
2025-02-16,2883.60009765625,106.56999969482422,70.73999786376953,6114.6298828125,96175.03125
2025-02-17,2883.60009765625,106.56999969482422,70.73999786376953,6114.6298828125,95773.3828125
2025-02-18,2931.60009765625,107.05000305175781,71.8499984741211,6129.580078125,95539.546875
2025-02-19,2919.39990234375,107.16999816894531,72.25,6144.14990234375,96635.609375
2025-02-20,2940.0,106.33999633789062,72.56999969482422,6117.52001953125,98333.9375
2025-02-21,2937.60009765625,106.61000061035156,70.4000015258789,6013.1298828125,96125.546875
2025-02-22,2937.60009765625,106.61000061035156,70.4000015258789,6013.1298828125,96577.7578125
2025-02-23,2937.60009765625,106.61000061035156,70.4000015258789,6013.1298828125,96273.921875
2025-02-24,2947.89990234375,106.5999984741211,70.69999694824219,5983.25,91418.171875
2025-02-25,2904.5,106.30999755859375,68.93000030517578,5955.25,88736.171875
2025-02-26,2916.800048828125,106.41999816894531,68.62000274658203,5956.06005859375,84347.0234375
2025-02-27,2883.199951171875,107.23999786376953,70.3499984741211,5861.56982421875,84704.2265625
2025-02-28,2836.800048828125,107.61000061035156,69.76000213623047,5954.5,84373.0078125
2025-03-01,2836.800048828125,107.61000061035156,69.76000213623047,5954.5,86031.9140625
2025-03-02,2836.800048828125,107.61000061035156,69.76000213623047,5954.5,94248.3515625
2025-03-03,2890.199951171875,106.75,68.37000274658203,5849.72021484375,86065.671875
2025-03-04,2909.60009765625,105.73999786376953,68.26000213623047,5778.14990234375,87222.1953125
2025-03-05,2915.300048828125,105.73999786376953,66.30999755859375,5842.6298828125,90623.5625
2025-03-06,2916.60009765625,104.05999755859375,66.36000061035156,5738.52001953125,89961.7265625
2025-03-07,2904.699951171875,103.83999633789062,67.04000091552734,5770.2001953125,86742.671875
2025-03-08,2904.699951171875,103.83999633789062,67.04000091552734,5770.2001953125,86154.59375
2025-03-09,2904.699951171875,103.83999633789062,67.04000091552734,5770.2001953125,80601.0390625
2025-03-10,2891.0,103.91000366210938,66.02999877929688,5614.56005859375,78532.0
2025-03-11,2912.89990234375,103.44000244140625,66.25,5572.06982421875,82862.2109375
2025-03-12,2939.10009765625,103.61000061035156,67.68000030517578,5599.2998046875,83722.359375
2025-03-13,2984.300048828125,103.83000183105469,66.55000305175781,5521.52001953125,81066.703125
2025-03-14,2994.5,103.72000122070312,67.18000030517578,5638.93994140625,83969.1015625
2025-03-15,2994.5,103.72000122070312,67.18000030517578,5638.93994140625,84343.109375
2025-03-16,2994.5,103.72000122070312,67.18000030517578,5638.93994140625,82579.6875
2025-03-17,3000.0,103.37000274658203,67.58000183105469,5675.1201171875,84075.6875
2025-03-18,3035.10009765625,103.23999786376953,66.9000015258789,5614.66015625,82718.5
2025-03-19,3035.89990234375,103.43000030517578,67.16000366210938,5675.2900390625,86854.2265625
2025-03-20,3040.0,103.8499984741211,68.26000213623047,5662.89013671875,84167.1953125
2025-03-21,3018.199951171875,104.08999633789062,68.27999877929688,5667.56005859375,84043.2421875
2025-03-22,3018.199951171875,104.08999633789062,68.27999877929688,5667.56005859375,83832.484375
2025-03-23,3018.199951171875,104.08999633789062,68.27999877929688,5667.56005859375,86054.375
2025-03-24,3013.10009765625,104.26000213623047,69.11000061035156,5767.56982421875,87498.9140625
2025-03-25,3023.699951171875,104.18000030517578,69.0,5776.64990234375,87471.703125
2025-03-26,3020.89990234375,104.55000305175781,69.6500015258789,5712.2001953125,86900.8828125
2025-03-27,3060.199951171875,104.06999969482422,69.91999816894531,5693.31005859375,87177.1015625
2025-03-28,3086.5,104.04000091552734,69.36000061035156,5580.93994140625,84353.1484375
2025-03-29,3086.5,104.04000091552734,69.36000061035156,5580.93994140625,82597.5859375
2025-03-30,3086.5,104.04000091552734,69.36000061035156,5580.93994140625,82334.5234375
2025-03-31,3122.800048828125,104.20999908447266,71.4800033569336,5611.85009765625,82548.9140625
2025-04-01,3118.89990234375,104.26000213623047,71.19999694824219,5633.06982421875,85169.171875
2025-04-02,3139.89990234375,103.80999755859375,71.70999908447266,5670.97021484375,82485.7109375
2025-04-03,3097.0,102.06999969482422,66.94999694824219,5396.52001953125,83102.828125
2025-04-04,3012.0,103.0199966430664,61.9900016784668,5074.080078125,83843.8046875
2025-04-05,3012.0,103.0199966430664,61.9900016784668,5074.080078125,83504.796875
2025-04-06,3012.0,103.0199966430664,61.9900016784668,5074.080078125,78214.484375
2025-04-07,2951.300048828125,103.26000213623047,60.70000076293945,5062.25,79235.3359375
2025-04-08,2968.39990234375,102.95999908447266,59.58000183105469,4982.77001953125,76271.953125
2025-04-09,3056.5,102.9000015258789,62.349998474121094,5456.89990234375,82573.953125
2025-04-10,3155.199951171875,100.87000274658203,60.06999969482422,5268.0498046875,79626.140625
2025-04-11,3222.199951171875,99.77999877929688,61.5,5363.35986328125,83404.8359375
2025-04-12,3222.199951171875,99.77999877929688,61.5,5363.35986328125,85287.109375
2025-04-13,3222.199951171875,99.77999877929688,61.5,5363.35986328125,83684.9765625
2025-04-14,3204.800048828125,99.63999938964844,61.529998779296875,5405.97021484375,84542.390625
2025-04-15,3218.699951171875,100.22000122070312,61.33000183105469,5396.6298828125,83668.9921875
2025-04-16,3326.60009765625,99.37999725341797,62.470001220703125,5275.7001953125,84033.8671875
2025-04-17,3308.699951171875,99.37999725341797,64.68000030517578,5282.7001953125,84895.75
2025-04-18,3308.699951171875,99.37999725341797,64.68000030517578,5282.7001953125,84450.8046875
2025-04-19,3308.699951171875,99.37999725341797,64.68000030517578,5282.7001953125,85063.4140625
2025-04-20,3308.699951171875,99.37999725341797,64.68000030517578,5282.7001953125,85174.3046875
2025-04-21,3406.199951171875,98.27999877929688,63.08000183105469,5158.2001953125,87518.90625
2025-04-22,3400.800048828125,98.91999816894531,64.30999755859375,5287.759765625,93441.890625
2025-04-23,3276.300048828125,99.83999633789062,62.27000045776367,5375.85986328125,93699.109375
2025-04-24,3332.0,99.29000091552734,62.790000915527344,5484.77001953125,93943.796875
2025-04-25,3282.39990234375,99.47000122070312,63.02000045776367,5525.2099609375,94720.5
2025-04-26,3282.39990234375,99.47000122070312,63.02000045776367,5525.2099609375,94646.9296875
2025-04-27,3282.39990234375,99.47000122070312,63.02000045776367,5525.2099609375,93754.84375
2025-04-28,3332.5,99.01000213623047,62.04999923706055,5528.75,94978.75
2025-04-29,3318.800048828125,99.23999786376953,60.41999816894531,5560.830078125,94284.7890625
2025-04-30,3305.0,99.47000122070312,58.209999084472656,5569.06005859375,94207.3125
2025-05-01,3210.0,100.25,59.2400016784668,5604.14013671875,96492.3359375
2025-05-02,3231.89990234375,100.0,58.290000915527344,5686.669921875,96910.0703125
2025-05-03,3231.89990234375,100.0,58.290000915527344,5686.669921875,95891.796875
2025-05-04,3231.89990234375,100.0,58.290000915527344,5686.669921875,94315.9765625
2025-05-05,3311.300048828125,99.83000183105469,57.130001068115234,5650.3798828125,94748.0546875
2025-05-06,3411.39990234375,99.23999786376953,59.09000015258789,5606.91015625,96802.4765625
2025-05-07,3381.39990234375,99.61000061035156,58.06999969482422,5631.27978515625,97032.3203125
2025-05-08,3296.60009765625,100.63999938964844,59.90999984741211,5663.93994140625,103241.4609375
2025-05-09,3335.39990234375,100.33999633789062,61.02000045776367,5659.91015625,102970.8515625
2025-05-10,3335.39990234375,100.33999633789062,61.02000045776367,5659.91015625,104696.328125
2025-05-11,3335.39990234375,100.33999633789062,61.02000045776367,5659.91015625,104106.359375
2025-05-12,3220.0,101.79000091552734,61.95000076293945,5844.18994140625,102812.953125
2025-05-13,3240.300048828125,101.0,63.66999816894531,5886.5498046875,104169.8125
2025-05-14,3181.39990234375,101.04000091552734,63.150001525878906,5892.580078125,103539.4140625
2025-05-15,3220.699951171875,100.87999725341797,61.619998931884766,5916.93017578125,103744.640625
2025-05-16,3182.0,101.08999633789062,62.4900016784668,5958.3798828125,103489.2890625
2025-05-17,3182.0,101.08999633789062,62.4900016784668,5958.3798828125,103191.0859375
2025-05-18,3182.0,101.08999633789062,62.4900016784668,5958.3798828125,106446.0078125
2025-05-19,3228.89990234375,100.43000030517578,62.689998626708984,5963.60009765625,105606.1796875
2025-05-20,3280.300048828125,100.12000274658203,62.560001373291016,5940.4599609375,106791.0859375
2025-05-21,3309.300048828125,99.55999755859375,61.56999969482422,5844.60986328125,109678.078125
2025-05-22,3292.300048828125,99.95999908447266,61.20000076293945,5842.009765625,111673.28125
2025-05-23,3363.60009765625,99.11000061035156,61.529998779296875,5802.81982421875,107287.796875
2025-05-24,3363.60009765625,99.11000061035156,61.529998779296875,5802.81982421875,107791.15625
2025-05-25,3363.60009765625,99.11000061035156,61.529998779296875,5802.81982421875,109035.390625
2025-05-26,3363.60009765625,98.93000030517578,61.529998779296875,5802.81982421875,109440.3671875
2025-05-27,3299.10009765625,99.5199966430664,60.88999938964844,5921.5400390625,108994.640625
2025-05-28,3293.60009765625,99.87999725341797,61.84000015258789,5888.5498046875,107802.328125
2025-05-29,3317.10009765625,99.27999877929688,60.939998626708984,5912.169921875,105641.7578125
2025-05-30,3288.89990234375,99.33000183105469,60.790000915527344,5911.68994140625,103998.5703125
2025-05-31,3288.89990234375,99.33000183105469,60.790000915527344,5911.68994140625,104638.09375
2025-06-01,3288.89990234375,99.33000183105469,60.790000915527344,5911.68994140625,105652.1015625
2025-06-02,3370.60009765625,98.69999694824219,62.52000045776367,5935.93994140625,105881.53125
2025-06-03,3350.199951171875,99.25,63.40999984741211,5970.3701171875,105432.46875
2025-06-04,3373.5,98.79000091552734,62.849998474121094,5970.81005859375,104731.984375
2025-06-05,3350.699951171875,98.73999786376953,63.369998931884766,5939.2998046875,101575.953125
2025-06-06,3322.699951171875,99.19000244140625,64.58000183105469,6000.35986328125,104390.34375
2025-06-07,3322.699951171875,99.19000244140625,64.58000183105469,6000.35986328125,105615.625
2025-06-08,3322.699951171875,99.19000244140625,64.58000183105469,6000.35986328125,105793.6484375
2025-06-09,3332.10009765625,98.94000244140625,65.29000091552734,6005.8798828125,110294.1015625
2025-06-10,3320.89990234375,99.05000305175781,64.9800033569336,6038.81005859375,110257.234375
2025-06-11,3321.300048828125,98.62999725341797,68.1500015258789,6022.240234375,108686.625
2025-06-12,3380.89990234375,97.91999816894531,68.04000091552734,6045.259765625,105929.0546875
2025-06-13,3431.199951171875,98.18000030517578,72.9800033569336,5976.97021484375,106090.96875
2025-06-14,3431.199951171875,98.18000030517578,72.9800033569336,5976.97021484375,105472.40625
2025-06-15,3431.199951171875,98.18000030517578,72.9800033569336,5976.97021484375,105552.0234375
2025-06-16,3396.39990234375,98.0,71.7699966430664,6033.10986328125,106796.7578125
2025-06-17,3386.60009765625,98.81999969482422,74.83999633789062,5982.72021484375,104601.1171875
2025-06-18,3389.800048828125,98.91000366210938,75.13999938964844,5980.8701171875,104883.328125
2025-06-19,3389.800048828125,98.91000366210938,75.13999938964844,5980.8701171875,104684.2890625
2025-06-20,3368.10009765625,98.70999908447266,74.93000030517578,5967.83984375,103309.6015625
2025-06-21,3368.10009765625,98.70999908447266,74.93000030517578,5967.83984375,102257.40625
2025-06-22,3368.10009765625,98.70999908447266,74.93000030517578,5967.83984375,100987.140625
2025-06-23,3377.699951171875,98.41999816894531,68.51000213623047,6025.169921875,105577.7734375
2025-06-24,3317.39990234375,97.86000061035156,64.37000274658203,6092.18017578125,106045.6328125
2025-06-25,3327.10009765625,97.68000030517578,64.91999816894531,6092.16015625,107361.2578125
2025-06-26,3333.5,97.1500015258789,65.23999786376953,6141.02001953125,106960.0
2025-06-27,3273.699951171875,97.4000015258789,65.5199966430664,6173.06982421875,107088.4296875
2025-06-28,3273.699951171875,97.4000015258789,65.5199966430664,6173.06982421875,107327.703125
2025-06-29,3273.699951171875,97.4000015258789,65.5199966430664,6173.06982421875,108385.5703125
2025-06-30,3294.39990234375,96.87999725341797,65.11000061035156,6204.9501953125,107135.3359375
2025-07-01,3336.699951171875,96.81999969482422,65.44999694824219,6198.009765625,105698.28125
2025-07-02,3348.0,96.77999877929688,67.44999694824219,6227.419921875,108859.3203125
2025-07-03,3331.60009765625,97.18000030517578,67.0,6279.35009765625,109647.9765625
2025-07-04,3332.5,97.18000030517578,66.5,6279.35009765625,108034.3359375
2025-07-05,3332.5,97.18000030517578,66.5,6279.35009765625,108231.1796875
2025-07-06,3332.5,97.18000030517578,66.5,6279.35009765625,109232.0703125
2025-07-07,3332.199951171875,97.4800033569336,67.93000030517578,6229.97998046875,108299.8515625
2025-07-08,3307.0,97.51000213623047,68.33000183105469,6225.52001953125,108950.2734375
2025-07-09,3311.60009765625,97.47000122070312,68.37999725341797,6263.259765625,111326.5546875
2025-07-10,3317.39990234375,97.6500015258789,66.56999969482422,6280.4599609375,115987.203125
2025-07-11,3356.0,97.8499984741211,68.44999694824219,6259.75,117516.9921875
2025-07-12,3356.0,97.8499984741211,68.44999694824219,6259.75,117435.2265625
2025-07-13,3356.0,97.8499984741211,68.44999694824219,6259.75,119116.1171875
2025-07-14,3351.5,98.08000183105469,66.9800033569336,6268.56005859375,119849.703125
2025-07-15,3329.800048828125,98.62000274658203,66.5199966430664,6243.759765625,117777.1875
2025-07-16,3352.5,98.38999938964844,66.37999725341797,6263.7001953125,118738.5078125
2025-07-17,3340.10009765625,98.7300033569336,67.54000091552734,6297.35986328125,119289.84375
2025-07-18,3353.0,98.4800033569336,67.33999633789062,6296.7900390625,118003.2265625
2025-07-19,3353.0,98.4800033569336,67.33999633789062,6296.7900390625,117939.9765625
2025-07-20,3353.0,98.4800033569336,67.33999633789062,6296.7900390625,117300.7890625
2025-07-21,3401.89990234375,97.8499984741211,67.19999694824219,6305.60009765625,117439.5390625
2025-07-22,3439.199951171875,97.38999938964844,66.20999908447266,6309.6201171875,119995.4140625
2025-07-23,3394.10009765625,97.20999908447266,65.25,6358.91015625,118754.9609375
2025-07-24,3371.0,97.37999725341797,66.02999877929688,6363.35009765625,118368.0
2025-07-25,3334.0,97.6500015258789,65.16000366210938,6388.64013671875,117635.8828125
2025-07-26,3334.0,97.6500015258789,65.16000366210938,6388.64013671875,117947.3671875
2025-07-27,3334.0,97.6500015258789,65.16000366210938,6388.64013671875,119448.4921875
2025-07-28,3309.10009765625,98.66000366210938,66.70999908447266,6389.77001953125,117924.4765625
2025-07-29,3323.39990234375,98.91000366210938,69.20999908447266,6370.85986328125,117922.1484375
2025-07-30,3295.800048828125,99.94000244140625,70.0,6362.89990234375,117831.1875
2025-07-31,3293.199951171875,100.02999877929688,69.26000213623047,6339.39013671875,115758.203125
2025-08-01,3347.699951171875,98.69000244140625,67.33000183105469,6238.009765625,113320.0859375
2025-08-02,3347.699951171875,98.69000244140625,67.33000183105469,6238.009765625,112526.9140625
2025-08-03,3347.699951171875,98.69000244140625,67.33000183105469,6238.009765625,114217.671875
2025-08-04,3374.39990234375,98.77999877929688,66.29000091552734,6329.93994140625,115071.8828125
2025-08-05,3381.89990234375,98.77999877929688,65.16000366210938,6299.18994140625,114141.4453125
2025-08-06,3380.0,98.18000030517578,64.3499984741211,6345.06005859375,115028.0
2025-08-07,3400.300048828125,98.4000015258789,63.880001068115234,6340.0,117496.8984375
2025-08-08,3439.10009765625,98.18000030517578,63.880001068115234,6389.4501953125,116688.7265625
2025-08-09,3439.10009765625,98.18000030517578,63.880001068115234,6389.4501953125,116500.359375
2025-08-10,3439.10009765625,98.18000030517578,63.880001068115234,6389.4501953125,119306.7578125
2025-08-11,3353.10009765625,98.5199966430664,63.959999084472656,6373.4501953125,118731.4453125
2025-08-12,3348.89990234375,98.0999984741211,63.16999816894531,6445.759765625,120172.90625
2025-08-13,3358.699951171875,97.83999633789062,62.650001525878906,6466.580078125,123344.0625
2025-08-14,3335.199951171875,98.25,63.959999084472656,6468.5400390625,118359.578125
2025-08-15,3336.0,97.8499984741211,62.79999923706055,6449.7998046875,117398.3515625
2025-08-16,3336.0,97.8499984741211,62.79999923706055,6449.7998046875,117491.3515625
2025-08-17,3336.0,97.8499984741211,62.79999923706055,6449.7998046875,117453.0625
2025-08-18,3331.699951171875,98.16999816894531,63.41999816894531,6449.14990234375,116252.3125
2025-08-19,3313.39990234375,98.2699966430664,62.349998474121094,6411.3701171875,112831.1796875
2025-08-20,3343.39990234375,98.22000122070312,63.209999084472656,6395.77978515625,114274.7421875
2025-08-21,3336.89990234375,98.62000274658203,63.52000045776367,6370.169921875,112419.03125
2025-08-22,3374.39990234375,97.72000122070312,63.65999984741211,6466.91015625,116874.0859375
2025-08-23,3374.39990234375,97.72000122070312,63.65999984741211,6466.91015625,115374.328125
2025-08-24,3374.39990234375,97.72000122070312,63.65999984741211,6466.91015625,113458.4296875
2025-08-25,3373.800048828125,98.43000030517578,64.80000305175781,6439.31982421875,110124.3515625
2025-08-26,3388.60009765625,98.2300033569336,63.25,6465.93994140625,111802.65625
2025-08-27,3430.800048828125,98.39600372314453,63.119998931884766,6465.93994140625,111292.890625
